measure_id,measure_name,location_id,location_name,sex_id,sex_name,age_id,age_name,cause_id,cause_name,metric_id,metric_name,year,val,upper,lower
27,Probability of death,554,New Mexico,1,Male,22,All ages,508,Chronic respiratory diseases,8,Probability of death,2010,0.09079452637690144,,
27,Probability of death,554,New Mexico,2,Female,22,All ages,508,Chronic respiratory diseases,8,Probability of death,2010,0.08750958104947892,,
27,Probability of death,554,New Mexico,3,Both,22,All ages,508,Chronic respiratory diseases,8,Probability of death,2010,0.0884783616938707,,
27,Probability of death,554,New Mexico,1,Male,22,All ages,510,Pneumoconiosis,8,Probability of death,2010,0.0011867853840478225,,
27,Probability of death,554,New Mexico,2,Female,22,All ages,510,Pneumoconiosis,8,Probability of death,2010,3.5937055036409354e-05,,
27,Probability of death,554,New Mexico,3,Both,22,All ages,510,Pneumoconiosis,8,Probability of death,2010,0.000582282265729206,,
27,Probability of death,554,New Mexico,1,Male,22,All ages,515,Asthma,8,Probability of death,2010,0.0010191641648725784,,
27,Probability of death,554,New Mexico,2,Female,22,All ages,515,Asthma,8,Probability of death,2010,0.0018561639580804605,,
27,Probability of death,554,New Mexico,3,Both,22,All ages,515,Asthma,8,Probability of death,2010,0.0014504517342672988,,
27,Probability of death,566,Texas,1,Male,22,All ages,508,Chronic respiratory diseases,8,Probability of death,2010,0.08141966968546581,,
27,Probability of death,566,Texas,2,Female,22,All ages,508,Chronic respiratory diseases,8,Probability of death,2010,0.08171301522979536,,
27,Probability of death,566,Texas,3,Both,22,All ages,508,Chronic respiratory diseases,8,Probability of death,2010,0.08104508403408855,,
27,Probability of death,566,Texas,1,Male,22,All ages,510,Pneumoconiosis,8,Probability of death,2010,0.0005278002757283967,,
27,Probability of death,566,Texas,2,Female,22,All ages,510,Pneumoconiosis,8,Probability of death,2010,2.340961111892124e-05,,
27,Probability of death,566,Texas,3,Both,22,All ages,510,Pneumoconiosis,8,Probability of death,2010,0.00025396648066906705,,
27,Probability of death,566,Texas,1,Male,22,All ages,515,Asthma,8,Probability of death,2010,0.0007199988100182147,,
27,Probability of death,566,Texas,2,Female,22,All ages,515,Asthma,8,Probability of death,2010,0.001335223748920718,,
27,Probability of death,566,Texas,3,Both,22,All ages,515,Asthma,8,Probability of death,2010,0.0010455445765143918,,
27,Probability of death,554,New Mexico,1,Male,22,All ages,508,Chronic respiratory diseases,8,Probability of death,2011,0.0892440921915614,,
27,Probability of death,554,New Mexico,2,Female,22,All ages,508,Chronic respiratory diseases,8,Probability of death,2011,0.08774098519881891,,
27,Probability of death,554,New Mexico,3,Both,22,All ages,508,Chronic respiratory diseases,8,Probability of death,2011,0.08786339206412203,,
27,Probability of death,554,New Mexico,1,Male,22,All ages,510,Pneumoconiosis,8,Probability of death,2011,0.00117522489675194,,
27,Probability of death,554,New Mexico,2,Female,22,All ages,510,Pneumoconiosis,8,Probability of death,2011,3.694179342026419e-05,,
27,Probability of death,554,New Mexico,3,Both,22,All ages,510,Pneumoconiosis,8,Probability of death,2011,0.0005797955445478102,,
27,Probability of death,554,New Mexico,1,Male,22,All ages,515,Asthma,8,Probability of death,2011,0.00105107160473452,,
27,Probability of death,554,New Mexico,2,Female,22,All ages,515,Asthma,8,Probability of death,2011,0.0018575723041238772,,
27,Probability of death,554,New Mexico,3,Both,22,All ages,515,Asthma,8,Probability of death,2011,0.0014643198908192983,,
27,Probability of death,554,New Mexico,1,Male,22,All ages,508,Chronic respiratory diseases,8,Probability of death,2012,0.08644886135567842,,
27,Probability of death,554,New Mexico,2,Female,22,All ages,508,Chronic respiratory diseases,8,Probability of death,2012,0.08780047537040538,,
27,Probability of death,554,New Mexico,3,Both,22,All ages,508,Chronic respiratory diseases,8,Probability of death,2012,0.08676002815834988,,
27,Probability of death,554,New Mexico,1,Male,22,All ages,510,Pneumoconiosis,8,Probability of death,2012,0.0011608347900703064,,
27,Probability of death,554,New Mexico,2,Female,22,All ages,510,Pneumoconiosis,8,Probability of death,2012,3.677840538273801e-05,,
27,Probability of death,554,New Mexico,3,Both,22,All ages,510,Pneumoconiosis,8,Probability of death,2012,0.0005871751602525028,,
27,Probability of death,554,New Mexico,1,Male,22,All ages,515,Asthma,8,Probability of death,2012,0.001080177757521137,,
27,Probability of death,554,New Mexico,2,Female,22,All ages,515,Asthma,8,Probability of death,2012,0.0018914261290952081,,
27,Probability of death,554,New Mexico,3,Both,22,All ages,515,Asthma,8,Probability of death,2012,0.0014897530587732403,,
27,Probability of death,570,Washington,1,Male,22,All ages,508,Chronic respiratory diseases,8,Probability of death,2010,0.07940175862796578,,
27,Probability of death,570,Washington,2,Female,22,All ages,508,Chronic respiratory diseases,8,Probability of death,2010,0.08362565916791467,,
27,Probability of death,570,Washington,3,Both,22,All ages,508,Chronic respiratory diseases,8,Probability of death,2010,0.08119210682701733,,
27,Probability of death,570,Washington,1,Male,22,All ages,510,Pneumoconiosis,8,Probability of death,2010,0.0010665948688626684,,
27,Probability of death,570,Washington,2,Female,22,All ages,510,Pneumoconiosis,8,Probability of death,2010,3.8746916192592846e-05,,
27,Probability of death,570,Washington,3,Both,22,All ages,510,Pneumoconiosis,8,Probability of death,2010,0.0005164835328783212,,
27,Probability of death,570,Washington,1,Male,22,All ages,515,Asthma,8,Probability of death,2010,0.0008933489015484677,,
27,Probability of death,570,Washington,2,Female,22,All ages,515,Asthma,8,Probability of death,2010,0.0018660573972600326,,
27,Probability of death,570,Washington,3,Both,22,All ages,515,Asthma,8,Probability of death,2010,0.0014041043650591164,,
27,Probability of death,566,Texas,1,Male,22,All ages,508,Chronic respiratory diseases,8,Probability of death,2012,0.08280351707495046,,
27,Probability of death,566,Texas,2,Female,22,All ages,508,Chronic respiratory diseases,8,Probability of death,2012,0.08560818681920132,,
27,Probability of death,566,Texas,3,Both,22,All ages,508,Chronic respiratory diseases,8,Probability of death,2012,0.08379085989076422,,
27,Probability of death,566,Texas,1,Male,22,All ages,510,Pneumoconiosis,8,Probability of death,2012,0.0004846458488073157,,
27,Probability of death,566,Texas,2,Female,22,All ages,510,Pneumoconiosis,8,Probability of death,2012,2.3750311878973193e-05,,
27,Probability of death,566,Texas,3,Both,22,All ages,510,Pneumoconiosis,8,Probability of death,2012,0.00023696665325576442,,
27,Probability of death,566,Texas,1,Male,22,All ages,515,Asthma,8,Probability of death,2012,0.0007331639219767011,,
27,Probability of death,566,Texas,2,Female,22,All ages,515,Asthma,8,Probability of death,2012,0.0013582429023521146,,
27,Probability of death,566,Texas,3,Both,22,All ages,515,Asthma,8,Probability of death,2012,0.0010647137029855622,,
27,Probability of death,566,Texas,1,Male,22,All ages,508,Chronic respiratory diseases,8,Probability of death,2013,0.08180979900020152,,
27,Probability of death,566,Texas,2,Female,22,All ages,508,Chronic respiratory diseases,8,Probability of death,2013,0.08674890401835986,,
27,Probability of death,566,Texas,3,Both,22,All ages,508,Chronic respiratory diseases,8,Probability of death,2013,0.08396222436428108,,
27,Probability of death,566,Texas,1,Male,22,All ages,510,Pneumoconiosis,8,Probability of death,2013,0.00047280323474396346,,
27,Probability of death,566,Texas,2,Female,22,All ages,510,Pneumoconiosis,8,Probability of death,2013,2.2857900703324582e-05,,
27,Probability of death,566,Texas,3,Both,22,All ages,510,Pneumoconiosis,8,Probability of death,2013,0.0002320252799784893,,
27,Probability of death,566,Texas,1,Male,22,All ages,515,Asthma,8,Probability of death,2013,0.0007466491353607604,,
27,Probability of death,566,Texas,2,Female,22,All ages,515,Asthma,8,Probability of death,2013,0.0013557344951613981,,
27,Probability of death,566,Texas,3,Both,22,All ages,515,Asthma,8,Probability of death,2013,0.0010687105903388302,,
27,Probability of death,566,Texas,1,Male,22,All ages,508,Chronic respiratory diseases,8,Probability of death,2011,0.08204000245461772,,
27,Probability of death,566,Texas,2,Female,22,All ages,508,Chronic respiratory diseases,8,Probability of death,2011,0.08371653333367537,,
27,Probability of death,566,Texas,3,Both,22,All ages,508,Chronic respiratory diseases,8,Probability of death,2011,0.08238858236041156,,
27,Probability of death,566,Texas,1,Male,22,All ages,510,Pneumoconiosis,8,Probability of death,2011,0.000504017898682943,,
27,Probability of death,566,Texas,2,Female,22,All ages,510,Pneumoconiosis,8,Probability of death,2011,2.4094923431166596e-05,,
27,Probability of death,566,Texas,3,Both,22,All ages,510,Pneumoconiosis,8,Probability of death,2011,0.00024437738375523445,,
27,Probability of death,566,Texas,1,Male,22,All ages,515,Asthma,8,Probability of death,2011,0.0007063125443300281,,
27,Probability of death,566,Texas,2,Female,22,All ages,515,Asthma,8,Probability of death,2011,0.0013324622993571894,,
27,Probability of death,566,Texas,3,Both,22,All ages,515,Asthma,8,Probability of death,2011,0.0010375216724240882,,
27,Probability of death,566,Texas,1,Male,22,All ages,508,Chronic respiratory diseases,8,Probability of death,2015,0.0809216278421046,,
27,Probability of death,566,Texas,2,Female,22,All ages,508,Chronic respiratory diseases,8,Probability of death,2015,0.08706512080119361,,
27,Probability of death,566,Texas,3,Both,22,All ages,508,Chronic respiratory diseases,8,Probability of death,2015,0.08372444492728144,,
27,Probability of death,566,Texas,1,Male,22,All ages,510,Pneumoconiosis,8,Probability of death,2015,0.0004261538194826728,,
27,Probability of death,566,Texas,2,Female,22,All ages,510,Pneumoconiosis,8,Probability of death,2015,2.0736265584775156e-05,,
27,Probability of death,566,Texas,3,Both,22,All ages,510,Pneumoconiosis,8,Probability of death,2015,0.00021075154622858674,,
27,Probability of death,566,Texas,1,Male,22,All ages,515,Asthma,8,Probability of death,2015,0.0007174635667584105,,
27,Probability of death,566,Texas,2,Female,22,All ages,515,Asthma,8,Probability of death,2015,0.0013238740926009888,,
27,Probability of death,566,Texas,3,Both,22,All ages,515,Asthma,8,Probability of death,2015,0.0010361433946139155,,
27,Probability of death,566,Texas,1,Male,22,All ages,508,Chronic respiratory diseases,8,Probability of death,2014,0.08098370636628596,,
27,Probability of death,566,Texas,2,Female,22,All ages,508,Chronic respiratory diseases,8,Probability of death,2014,0.08619676085840931,,
27,Probability of death,566,Texas,3,Both,22,All ages,508,Chronic respiratory diseases,8,Probability of death,2014,0.08329182320337304,,
27,Probability of death,566,Texas,1,Male,22,All ages,510,Pneumoconiosis,8,Probability of death,2014,0.00045618768474488047,,
27,Probability of death,566,Texas,2,Female,22,All ages,510,Pneumoconiosis,8,Probability of death,2014,2.2234967906563557e-05,,
27,Probability of death,566,Texas,3,Both,22,All ages,510,Pneumoconiosis,8,Probability of death,2014,0.0002254246133421681,,
27,Probability of death,566,Texas,1,Male,22,All ages,515,Asthma,8,Probability of death,2014,0.0007395764142878357,,
27,Probability of death,566,Texas,2,Female,22,All ages,515,Asthma,8,Probability of death,2014,0.0013434932790915373,,
27,Probability of death,566,Texas,3,Both,22,All ages,515,Asthma,8,Probability of death,2014,0.0010562264423083184,,
27,Probability of death,570,Washington,1,Male,22,All ages,508,Chronic respiratory diseases,8,Probability of death,2013,0.08169763201457496,,
27,Probability of death,570,Washington,2,Female,22,All ages,508,Chronic respiratory diseases,8,Probability of death,2013,0.08420989058872017,,
27,Probability of death,570,Washington,3,Both,22,All ages,508,Chronic respiratory diseases,8,Probability of death,2013,0.08263042481519302,,
27,Probability of death,570,Washington,1,Male,22,All ages,510,Pneumoconiosis,8,Probability of death,2013,0.0010163158059059377,,
27,Probability of death,570,Washington,2,Female,22,All ages,510,Pneumoconiosis,8,Probability of death,2013,3.8260877691094895e-05,,
27,Probability of death,570,Washington,3,Both,22,All ages,510,Pneumoconiosis,8,Probability of death,2013,0.0004952172542348394,,
27,Probability of death,570,Washington,1,Male,22,All ages,515,Asthma,8,Probability of death,2013,0.0009593792137719219,,
27,Probability of death,570,Washington,2,Female,22,All ages,515,Asthma,8,Probability of death,2013,0.001775155951587224,,
27,Probability of death,570,Washington,3,Both,22,All ages,515,Asthma,8,Probability of death,2013,0.0013828882945877688,,
27,Probability of death,570,Washington,1,Male,22,All ages,508,Chronic respiratory diseases,8,Probability of death,2012,0.08358263143313678,,
27,Probability of death,570,Washington,2,Female,22,All ages,508,Chronic respiratory diseases,8,Probability of death,2012,0.08469196632145679,,
27,Probability of death,570,Washington,3,Both,22,All ages,508,Chronic respiratory diseases,8,Probability of death,2012,0.08377824162875014,,
27,Probability of death,570,Washington,1,Male,22,All ages,510,Pneumoconiosis,8,Probability of death,2012,0.0010395189700577354,,
27,Probability of death,570,Washington,2,Female,22,All ages,510,Pneumoconiosis,8,Probability of death,2012,3.938137387645283e-05,,
27,Probability of death,570,Washington,3,Both,22,All ages,510,Pneumoconiosis,8,Probability of death,2012,0.0005084519450667543,,
27,Probability of death,570,Washington,1,Male,22,All ages,515,Asthma,8,Probability of death,2012,0.0009125527293965816,,
27,Probability of death,570,Washington,2,Female,22,All ages,515,Asthma,8,Probability of death,2012,0.0018042173008132496,,
27,Probability of death,570,Washington,3,Both,22,All ages,515,Asthma,8,Probability of death,2012,0.001376292571795162,,
27,Probability of death,570,Washington,1,Male,22,All ages,508,Chronic respiratory diseases,8,Probability of death,2011,0.08267264726446336,,
27,Probability of death,570,Washington,2,Female,22,All ages,508,Chronic respiratory diseases,8,Probability of death,2011,0.08534701921540631,,
27,Probability of death,570,Washington,3,Both,22,All ages,508,Chronic respiratory diseases,8,Probability of death,2011,0.08369245392183541,,
27,Probability of death,570,Washington,1,Male,22,All ages,510,Pneumoconiosis,8,Probability of death,2011,0.0010636507715084452,,
27,Probability of death,570,Washington,2,Female,22,All ages,510,Pneumoconiosis,8,Probability of death,2011,3.970407392372785e-05,,
27,Probability of death,570,Washington,3,Both,22,All ages,510,Pneumoconiosis,8,Probability of death,2011,0.0005146117032497516,,
27,Probability of death,570,Washington,1,Male,22,All ages,515,Asthma,8,Probability of death,2011,0.000919297231061291,,
27,Probability of death,570,Washington,2,Female,22,All ages,515,Asthma,8,Probability of death,2011,0.001747094453587297,,
27,Probability of death,570,Washington,3,Both,22,All ages,515,Asthma,8,Probability of death,2011,0.0013537039617374186,,
27,Probability of death,570,Washington,1,Male,22,All ages,508,Chronic respiratory diseases,8,Probability of death,2014,0.07969267156058263,,
27,Probability of death,570,Washington,2,Female,22,All ages,508,Chronic respiratory diseases,8,Probability of death,2014,0.08259663700984504,,
27,Probability of death,570,Washington,3,Both,22,All ages,508,Chronic respiratory diseases,8,Probability of death,2014,0.08087422508878413,,
27,Probability of death,570,Washington,1,Male,22,All ages,510,Pneumoconiosis,8,Probability of death,2014,0.0009713743085974255,,
27,Probability of death,570,Washington,2,Female,22,All ages,510,Pneumoconiosis,8,Probability of death,2014,3.686339731232283e-05,,
27,Probability of death,570,Washington,3,Both,22,All ages,510,Pneumoconiosis,8,Probability of death,2014,0.00047519756060332804,,
27,Probability of death,570,Washington,1,Male,22,All ages,515,Asthma,8,Probability of death,2014,0.000926323460854496,,
27,Probability of death,570,Washington,2,Female,22,All ages,515,Asthma,8,Probability of death,2014,0.0017747559748925864,,
27,Probability of death,570,Washington,3,Both,22,All ages,515,Asthma,8,Probability of death,2014,0.0013657598685037021,,
27,Probability of death,570,Washington,1,Male,22,All ages,508,Chronic respiratory diseases,8,Probability of death,2015,0.08130336583002755,,
27,Probability of death,570,Washington,2,Female,22,All ages,508,Chronic respiratory diseases,8,Probability of death,2015,0.08327485886293765,,
27,Probability of death,570,Washington,3,Both,22,All ages,508,Chronic respiratory diseases,8,Probability of death,2015,0.08196551417104354,,
27,Probability of death,570,Washington,1,Male,22,All ages,510,Pneumoconiosis,8,Probability of death,2015,0.0009162043482479864,,
27,Probability of death,570,Washington,2,Female,22,All ages,510,Pneumoconiosis,8,Probability of death,2015,3.4237553375115585e-05,,
27,Probability of death,570,Washington,3,Both,22,All ages,510,Pneumoconiosis,8,Probability of death,2015,0.00045126995741473654,,
27,Probability of death,570,Washington,1,Male,22,All ages,515,Asthma,8,Probability of death,2015,0.0008843597551570367,,
27,Probability of death,570,Washington,2,Female,22,All ages,515,Asthma,8,Probability of death,2015,0.0017440001133434892,,
27,Probability of death,570,Washington,3,Both,22,All ages,515,Asthma,8,Probability of death,2015,0.0013290965270326583,,
27,Probability of death,555,New York,1,Male,22,All ages,508,Chronic respiratory diseases,8,Probability of death,2011,0.06130753858156701,,
27,Probability of death,555,New York,2,Female,22,All ages,508,Chronic respiratory diseases,8,Probability of death,2011,0.06151093972268913,,
27,Probability of death,555,New York,3,Both,22,All ages,508,Chronic respiratory diseases,8,Probability of death,2011,0.06110784399847589,,
27,Probability of death,555,New York,1,Male,22,All ages,510,Pneumoconiosis,8,Probability of death,2011,0.0003169528706365169,,
27,Probability of death,555,New York,2,Female,22,All ages,510,Pneumoconiosis,8,Probability of death,2011,7.495141708610366e-06,,
27,Probability of death,555,New York,3,Both,22,All ages,510,Pneumoconiosis,8,Probability of death,2011,0.00014362102443487564,,
27,Probability of death,555,New York,1,Male,22,All ages,515,Asthma,8,Probability of death,2011,0.0011545706397114311,,
27,Probability of death,555,New York,2,Female,22,All ages,515,Asthma,8,Probability of death,2011,0.00154854519724627,,
27,Probability of death,555,New York,3,Both,22,All ages,515,Asthma,8,Probability of death,2011,0.0013725530437149053,,
27,Probability of death,554,New Mexico,1,Male,22,All ages,508,Chronic respiratory diseases,8,Probability of death,2013,0.08676045785138951,,
27,Probability of death,554,New Mexico,2,Female,22,All ages,508,Chronic respiratory diseases,8,Probability of death,2013,0.08969991280222428,,
27,Probability of death,554,New Mexico,3,Both,22,All ages,508,Chronic respiratory diseases,8,Probability of death,2013,0.08783454537602227,,
27,Probability of death,554,New Mexico,1,Male,22,All ages,510,Pneumoconiosis,8,Probability of death,2013,0.0011237522885708612,,
27,Probability of death,554,New Mexico,2,Female,22,All ages,510,Pneumoconiosis,8,Probability of death,2013,3.551988348897054e-05,,
27,Probability of death,554,New Mexico,3,Both,22,All ages,510,Pneumoconiosis,8,Probability of death,2013,0.0005631589520924926,,
27,Probability of death,554,New Mexico,1,Male,22,All ages,515,Asthma,8,Probability of death,2013,0.0010745023977697418,,
27,Probability of death,554,New Mexico,2,Female,22,All ages,515,Asthma,8,Probability of death,2013,0.0018144310266247124,,
27,Probability of death,554,New Mexico,3,Both,22,All ages,515,Asthma,8,Probability of death,2013,0.0014507833843460723,,
27,Probability of death,555,New York,1,Male,22,All ages,508,Chronic respiratory diseases,8,Probability of death,2010,0.06033086641425435,,
27,Probability of death,555,New York,2,Female,22,All ages,508,Chronic respiratory diseases,8,Probability of death,2010,0.06036569744818244,,
27,Probability of death,555,New York,3,Both,22,All ages,508,Chronic respiratory diseases,8,Probability of death,2010,0.05999383676056208,,
27,Probability of death,555,New York,1,Male,22,All ages,510,Pneumoconiosis,8,Probability of death,2010,0.0003342130506663564,,
27,Probability of death,555,New York,2,Female,22,All ages,510,Pneumoconiosis,8,Probability of death,2010,7.322275745056969e-06,,
27,Probability of death,555,New York,3,Both,22,All ages,510,Pneumoconiosis,8,Probability of death,2010,0.00015079081630618507,,
27,Probability of death,555,New York,1,Male,22,All ages,515,Asthma,8,Probability of death,2010,0.0011679461499549473,,
27,Probability of death,555,New York,2,Female,22,All ages,515,Asthma,8,Probability of death,2010,0.0015644107221725516,,
27,Probability of death,555,New York,3,Both,22,All ages,515,Asthma,8,Probability of death,2010,0.0013868731798446687,,
27,Probability of death,554,New Mexico,1,Male,22,All ages,508,Chronic respiratory diseases,8,Probability of death,2016,0.08720616515303534,,
27,Probability of death,554,New Mexico,2,Female,22,All ages,508,Chronic respiratory diseases,8,Probability of death,2016,0.0867890388714038,,
27,Probability of death,554,New Mexico,3,Both,22,All ages,508,Chronic respiratory diseases,8,Probability of death,2016,0.08668041598572068,,
27,Probability of death,554,New Mexico,1,Male,22,All ages,510,Pneumoconiosis,8,Probability of death,2016,0.0010116886398154894,,
27,Probability of death,554,New Mexico,2,Female,22,All ages,510,Pneumoconiosis,8,Probability of death,2016,3.2360785805713666e-05,,
27,Probability of death,554,New Mexico,3,Both,22,All ages,510,Pneumoconiosis,8,Probability of death,2016,0.0005116252957430949,,
27,Probability of death,554,New Mexico,1,Male,22,All ages,515,Asthma,8,Probability of death,2016,0.0010558282004126869,,
27,Probability of death,554,New Mexico,2,Female,22,All ages,515,Asthma,8,Probability of death,2016,0.001714303498031629,,
27,Probability of death,554,New Mexico,3,Both,22,All ages,515,Asthma,8,Probability of death,2016,0.001386452841121302,,
27,Probability of death,554,New Mexico,1,Male,22,All ages,508,Chronic respiratory diseases,8,Probability of death,2014,0.08666159554816064,,
27,Probability of death,554,New Mexico,2,Female,22,All ages,508,Chronic respiratory diseases,8,Probability of death,2014,0.09069851326764376,,
27,Probability of death,554,New Mexico,3,Both,22,All ages,508,Chronic respiratory diseases,8,Probability of death,2014,0.08836641914507018,,
27,Probability of death,554,New Mexico,1,Male,22,All ages,510,Pneumoconiosis,8,Probability of death,2014,0.0010778761907192717,,
27,Probability of death,554,New Mexico,2,Female,22,All ages,510,Pneumoconiosis,8,Probability of death,2014,3.471938230600397e-05,,
27,Probability of death,554,New Mexico,3,Both,22,All ages,510,Pneumoconiosis,8,Probability of death,2014,0.0005430124715658886,,
27,Probability of death,554,New Mexico,1,Male,22,All ages,515,Asthma,8,Probability of death,2014,0.0010953675443205256,,
27,Probability of death,554,New Mexico,2,Female,22,All ages,515,Asthma,8,Probability of death,2014,0.0018621693173046588,,
27,Probability of death,554,New Mexico,3,Both,22,All ages,515,Asthma,8,Probability of death,2014,0.0014841709008123407,,
27,Probability of death,554,New Mexico,1,Male,22,All ages,508,Chronic respiratory diseases,8,Probability of death,2015,0.08768070035345421,,
27,Probability of death,554,New Mexico,2,Female,22,All ages,508,Chronic respiratory diseases,8,Probability of death,2015,0.08966197948293632,,
27,Probability of death,554,New Mexico,3,Both,22,All ages,508,Chronic respiratory diseases,8,Probability of death,2015,0.08840942096703559,,
27,Probability of death,554,New Mexico,1,Male,22,All ages,510,Pneumoconiosis,8,Probability of death,2015,0.0010483952118351683,,
27,Probability of death,554,New Mexico,2,Female,22,All ages,510,Pneumoconiosis,8,Probability of death,2015,3.27162749945104e-05,,
27,Probability of death,554,New Mexico,3,Both,22,All ages,510,Pneumoconiosis,8,Probability of death,2015,0.0005332992900435668,,
27,Probability of death,554,New Mexico,1,Male,22,All ages,515,Asthma,8,Probability of death,2015,0.0010859046927047757,,
27,Probability of death,554,New Mexico,2,Female,22,All ages,515,Asthma,8,Probability of death,2015,0.001809382092827588,,
27,Probability of death,554,New Mexico,3,Both,22,All ages,515,Asthma,8,Probability of death,2015,0.001449580148770396,,
27,Probability of death,555,New York,1,Male,22,All ages,508,Chronic respiratory diseases,8,Probability of death,2012,0.06073719371595174,,
27,Probability of death,555,New York,2,Female,22,All ages,508,Chronic respiratory diseases,8,Probability of death,2012,0.06330958841476057,,
27,Probability of death,555,New York,3,Both,22,All ages,508,Chronic respiratory diseases,8,Probability of death,2012,0.061828430757400944,,
27,Probability of death,555,New York,1,Male,22,All ages,510,Pneumoconiosis,8,Probability of death,2012,0.0003101899324021705,,
27,Probability of death,555,New York,2,Female,22,All ages,510,Pneumoconiosis,8,Probability of death,2012,7.405569477838168e-06,,
27,Probability of death,555,New York,3,Both,22,All ages,510,Pneumoconiosis,8,Probability of death,2012,0.0001410457613806163,,
27,Probability of death,555,New York,1,Male,22,All ages,515,Asthma,8,Probability of death,2012,0.0011602458176704987,,
27,Probability of death,555,New York,2,Female,22,All ages,515,Asthma,8,Probability of death,2012,0.0016057532853266463,,
27,Probability of death,555,New York,3,Both,22,All ages,515,Asthma,8,Probability of death,2012,0.001408207489031707,,
27,Probability of death,554,New Mexico,1,Male,22,All ages,508,Chronic respiratory diseases,8,Probability of death,2017,0.08544948925970788,,
27,Probability of death,554,New Mexico,2,Female,22,All ages,508,Chronic respiratory diseases,8,Probability of death,2017,0.08743465903736791,,
27,Probability of death,554,New Mexico,3,Both,22,All ages,508,Chronic respiratory diseases,8,Probability of death,2017,0.08624491441798053,,
27,Probability of death,554,New Mexico,1,Male,22,All ages,510,Pneumoconiosis,8,Probability of death,2017,0.000961685413079248,,
27,Probability of death,554,New Mexico,2,Female,22,All ages,510,Pneumoconiosis,8,Probability of death,2017,3.127279951175083e-05,,
27,Probability of death,554,New Mexico,3,Both,22,All ages,510,Pneumoconiosis,8,Probability of death,2017,0.0004939033777483332,,
27,Probability of death,554,New Mexico,1,Male,22,All ages,515,Asthma,8,Probability of death,2017,0.001028691959915771,,
27,Probability of death,554,New Mexico,2,Female,22,All ages,515,Asthma,8,Probability of death,2017,0.0017631750603652005,,
27,Probability of death,554,New Mexico,3,Both,22,All ages,515,Asthma,8,Probability of death,2017,0.0013938982460993924,,
27,Probability of death,566,Texas,1,Male,22,All ages,508,Chronic respiratory diseases,8,Probability of death,2016,0.0810726963541047,,
27,Probability of death,566,Texas,2,Female,22,All ages,508,Chronic respiratory diseases,8,Probability of death,2016,0.08679739674358611,,
27,Probability of death,566,Texas,3,Both,22,All ages,508,Chronic respiratory diseases,8,Probability of death,2016,0.08364822510944939,,
27,Probability of death,566,Texas,1,Male,22,All ages,510,Pneumoconiosis,8,Probability of death,2016,0.00041071208338681783,,
27,Probability of death,566,Texas,2,Female,22,All ages,510,Pneumoconiosis,8,Probability of death,2016,2.0871049181725553e-05,,
27,Probability of death,566,Texas,3,Both,22,All ages,510,Pneumoconiosis,8,Probability of death,2016,0.00020419206057474025,,
27,Probability of death,566,Texas,1,Male,22,All ages,515,Asthma,8,Probability of death,2016,0.0006762963611139836,,
27,Probability of death,566,Texas,2,Female,22,All ages,515,Asthma,8,Probability of death,2016,0.001264058318679835,,
27,Probability of death,566,Texas,3,Both,22,All ages,515,Asthma,8,Probability of death,2016,0.0009819423483249756,,
27,Probability of death,554,New Mexico,1,Male,22,All ages,508,Chronic respiratory diseases,8,Probability of death,2018,0.08337813478077122,,
27,Probability of death,554,New Mexico,2,Female,22,All ages,508,Chronic respiratory diseases,8,Probability of death,2018,0.08832577367508536,,
27,Probability of death,554,New Mexico,3,Both,22,All ages,508,Chronic respiratory diseases,8,Probability of death,2018,0.08566718220959242,,
27,Probability of death,554,New Mexico,1,Male,22,All ages,510,Pneumoconiosis,8,Probability of death,2018,0.0009372868570601393,,
27,Probability of death,554,New Mexico,2,Female,22,All ages,510,Pneumoconiosis,8,Probability of death,2018,3.0679665203984387e-05,,
27,Probability of death,554,New Mexico,3,Both,22,All ages,510,Pneumoconiosis,8,Probability of death,2018,0.00048418784481969783,,
27,Probability of death,554,New Mexico,1,Male,22,All ages,515,Asthma,8,Probability of death,2018,0.001014357926696023,,
27,Probability of death,554,New Mexico,2,Female,22,All ages,515,Asthma,8,Probability of death,2018,0.0016821572716291882,,
27,Probability of death,554,New Mexico,3,Both,22,All ages,515,Asthma,8,Probability of death,2018,0.0013461282821289752,,
27,Probability of death,570,Washington,1,Male,22,All ages,508,Chronic respiratory diseases,8,Probability of death,2016,0.07931872436711175,,
27,Probability of death,570,Washington,2,Female,22,All ages,508,Chronic respiratory diseases,8,Probability of death,2016,0.08297095617623877,,
27,Probability of death,570,Washington,3,Both,22,All ages,508,Chronic respiratory diseases,8,Probability of death,2016,0.08082905906154583,,
27,Probability of death,570,Washington,1,Male,22,All ages,510,Pneumoconiosis,8,Probability of death,2016,0.0008612577772646,,
27,Probability of death,570,Washington,2,Female,22,All ages,510,Pneumoconiosis,8,Probability of death,2016,3.436161020949922e-05,,
27,Probability of death,570,Washington,3,Both,22,All ages,510,Pneumoconiosis,8,Probability of death,2016,0.0004266243190327234,,
27,Probability of death,570,Washington,1,Male,22,All ages,515,Asthma,8,Probability of death,2016,0.0008467511781641553,,
27,Probability of death,570,Washington,2,Female,22,All ages,515,Asthma,8,Probability of death,2016,0.0017202444559309955,,
27,Probability of death,570,Washington,3,Both,22,All ages,515,Asthma,8,Probability of death,2016,0.0012974678285262308,,
27,Probability of death,554,New Mexico,1,Male,22,All ages,508,Chronic respiratory diseases,8,Probability of death,2019,0.07983514487552719,,
27,Probability of death,554,New Mexico,2,Female,22,All ages,508,Chronic respiratory diseases,8,Probability of death,2019,0.08495876556321283,,
27,Probability of death,554,New Mexico,3,Both,22,All ages,508,Chronic respiratory diseases,8,Probability of death,2019,0.08220489113687651,,
27,Probability of death,554,New Mexico,1,Male,22,All ages,510,Pneumoconiosis,8,Probability of death,2019,0.000929737887005451,,
27,Probability of death,554,New Mexico,2,Female,22,All ages,510,Pneumoconiosis,8,Probability of death,2019,2.8731238105275117e-05,,
27,Probability of death,554,New Mexico,3,Both,22,All ages,510,Pneumoconiosis,8,Probability of death,2019,0.0004824852916435032,,
27,Probability of death,554,New Mexico,1,Male,22,All ages,515,Asthma,8,Probability of death,2019,0.0010564334885669784,,
27,Probability of death,554,New Mexico,2,Female,22,All ages,515,Asthma,8,Probability of death,2019,0.001675468572218972,,
27,Probability of death,554,New Mexico,3,Both,22,All ages,515,Asthma,8,Probability of death,2019,0.0013615787687550499,,
27,Probability of death,566,Texas,1,Male,22,All ages,508,Chronic respiratory diseases,8,Probability of death,2017,0.08069289810926347,,
27,Probability of death,566,Texas,2,Female,22,All ages,508,Chronic respiratory diseases,8,Probability of death,2017,0.08827924293143022,,
27,Probability of death,566,Texas,3,Both,22,All ages,508,Chronic respiratory diseases,8,Probability of death,2017,0.08429117165012932,,
27,Probability of death,566,Texas,1,Male,22,All ages,510,Pneumoconiosis,8,Probability of death,2017,0.00040111923956143966,,
27,Probability of death,566,Texas,2,Female,22,All ages,510,Pneumoconiosis,8,Probability of death,2017,1.989929651353803e-05,,
27,Probability of death,566,Texas,3,Both,22,All ages,510,Pneumoconiosis,8,Probability of death,2017,0.0002010500800657798,,
27,Probability of death,566,Texas,1,Male,22,All ages,515,Asthma,8,Probability of death,2017,0.0006788841366046055,,
27,Probability of death,566,Texas,2,Female,22,All ages,515,Asthma,8,Probability of death,2017,0.0012886208923932887,,
27,Probability of death,566,Texas,3,Both,22,All ages,515,Asthma,8,Probability of death,2017,0.0009942319125151148,,
27,Probability of death,570,Washington,1,Male,22,All ages,508,Chronic respiratory diseases,8,Probability of death,2017,0.07877341617240538,,
27,Probability of death,570,Washington,2,Female,22,All ages,508,Chronic respiratory diseases,8,Probability of death,2017,0.08189484521897399,,
27,Probability of death,570,Washington,3,Both,22,All ages,508,Chronic respiratory diseases,8,Probability of death,2017,0.0800778006491982,,
27,Probability of death,570,Washington,1,Male,22,All ages,510,Pneumoconiosis,8,Probability of death,2017,0.0008298051456157262,,
27,Probability of death,570,Washington,2,Female,22,All ages,510,Pneumoconiosis,8,Probability of death,2017,3.29135365514642e-05,,
27,Probability of death,570,Washington,3,Both,22,All ages,510,Pneumoconiosis,8,Probability of death,2017,0.00041605117418312974,,
27,Probability of death,570,Washington,1,Male,22,All ages,515,Asthma,8,Probability of death,2017,0.0008711977759526871,,
27,Probability of death,570,Washington,2,Female,22,All ages,515,Asthma,8,Probability of death,2017,0.0018217546387658192,,
27,Probability of death,570,Washington,3,Both,22,All ages,515,Asthma,8,Probability of death,2017,0.0013594447141615533,,
27,Probability of death,566,Texas,1,Male,22,All ages,508,Chronic respiratory diseases,8,Probability of death,2018,0.0803529013033012,,
27,Probability of death,566,Texas,2,Female,22,All ages,508,Chronic respiratory diseases,8,Probability of death,2018,0.08801801525539185,,
27,Probability of death,566,Texas,3,Both,22,All ages,508,Chronic respiratory diseases,8,Probability of death,2018,0.08398505247474858,,
27,Probability of death,566,Texas,1,Male,22,All ages,510,Pneumoconiosis,8,Probability of death,2018,0.00038860594990781716,,
27,Probability of death,566,Texas,2,Female,22,All ages,510,Pneumoconiosis,8,Probability of death,2018,1.923093270842548e-05,,
27,Probability of death,566,Texas,3,Both,22,All ages,510,Pneumoconiosis,8,Probability of death,2018,0.00019591565652420228,,
27,Probability of death,566,Texas,1,Male,22,All ages,515,Asthma,8,Probability of death,2018,0.0006681883638493727,,
27,Probability of death,566,Texas,2,Female,22,All ages,515,Asthma,8,Probability of death,2018,0.0012398918193146924,,
27,Probability of death,566,Texas,3,Both,22,All ages,515,Asthma,8,Probability of death,2018,0.0009627025766784556,,
27,Probability of death,570,Washington,1,Male,22,All ages,508,Chronic respiratory diseases,8,Probability of death,2018,0.07596568383963365,,
27,Probability of death,570,Washington,2,Female,22,All ages,508,Chronic respiratory diseases,8,Probability of death,2018,0.07960348292817135,,
27,Probability of death,570,Washington,3,Both,22,All ages,508,Chronic respiratory diseases,8,Probability of death,2018,0.07751878861424852,,
27,Probability of death,570,Washington,1,Male,22,All ages,510,Pneumoconiosis,8,Probability of death,2018,0.000801093592915792,,
27,Probability of death,570,Washington,2,Female,22,All ages,510,Pneumoconiosis,8,Probability of death,2018,3.15969657350341e-05,,
27,Probability of death,570,Washington,3,Both,22,All ages,510,Pneumoconiosis,8,Probability of death,2018,0.000398209924851441,,
27,Probability of death,570,Washington,1,Male,22,All ages,515,Asthma,8,Probability of death,2018,0.0008328869045156822,,
27,Probability of death,570,Washington,2,Female,22,All ages,515,Asthma,8,Probability of death,2018,0.0016542541942943347,,
27,Probability of death,570,Washington,3,Both,22,All ages,515,Asthma,8,Probability of death,2018,0.0012578582101801438,,
27,Probability of death,566,Texas,1,Male,22,All ages,508,Chronic respiratory diseases,8,Probability of death,2019,0.07902429058174798,,
27,Probability of death,566,Texas,2,Female,22,All ages,508,Chronic respiratory diseases,8,Probability of death,2019,0.08811235687896005,,
27,Probability of death,566,Texas,3,Both,22,All ages,508,Chronic respiratory diseases,8,Probability of death,2019,0.08341337254163941,,
27,Probability of death,566,Texas,1,Male,22,All ages,510,Pneumoconiosis,8,Probability of death,2019,0.0003788815570092919,,
27,Probability of death,566,Texas,2,Female,22,All ages,510,Pneumoconiosis,8,Probability of death,2019,1.8044519246098943e-05,,
27,Probability of death,566,Texas,3,Both,22,All ages,510,Pneumoconiosis,8,Probability of death,2019,0.00019104526158458544,,
27,Probability of death,566,Texas,1,Male,22,All ages,515,Asthma,8,Probability of death,2019,0.0006745157881482691,,
27,Probability of death,566,Texas,2,Female,22,All ages,515,Asthma,8,Probability of death,2019,0.0011656408334521967,,
27,Probability of death,566,Texas,3,Both,22,All ages,515,Asthma,8,Probability of death,2019,0.0009274069258717908,,
27,Probability of death,566,Texas,1,Male,22,All ages,508,Chronic respiratory diseases,8,Probability of death,2020,0.06395880428410347,,
27,Probability of death,566,Texas,2,Female,22,All ages,508,Chronic respiratory diseases,8,Probability of death,2020,0.07593689969511917,,
27,Probability of death,566,Texas,3,Both,22,All ages,508,Chronic respiratory diseases,8,Probability of death,2020,0.06981905546308297,,
27,Probability of death,566,Texas,1,Male,22,All ages,510,Pneumoconiosis,8,Probability of death,2020,0.00030085181671626367,,
27,Probability of death,566,Texas,2,Female,22,All ages,510,Pneumoconiosis,8,Probability of death,2020,1.566493043593107e-05,,
27,Probability of death,566,Texas,3,Both,22,All ages,510,Pneumoconiosis,8,Probability of death,2020,0.0001603046556135104,,
27,Probability of death,566,Texas,1,Male,22,All ages,515,Asthma,8,Probability of death,2020,0.0005981823002623415,,
27,Probability of death,566,Texas,2,Female,22,All ages,515,Asthma,8,Probability of death,2020,0.001034917942156045,,
27,Probability of death,566,Texas,3,Both,22,All ages,515,Asthma,8,Probability of death,2020,0.0008135812797489144,,
27,Probability of death,570,Washington,1,Male,22,All ages,508,Chronic respiratory diseases,8,Probability of death,2019,0.07520393285643233,,
27,Probability of death,570,Washington,2,Female,22,All ages,508,Chronic respiratory diseases,8,Probability of death,2019,0.07848368416078187,,
27,Probability of death,570,Washington,3,Both,22,All ages,508,Chronic respiratory diseases,8,Probability of death,2019,0.07664486143779065,,
27,Probability of death,570,Washington,1,Male,22,All ages,510,Pneumoconiosis,8,Probability of death,2019,0.0007762608824963196,,
27,Probability of death,570,Washington,2,Female,22,All ages,510,Pneumoconiosis,8,Probability of death,2019,2.9708690726050125e-05,,
27,Probability of death,570,Washington,3,Both,22,All ages,510,Pneumoconiosis,8,Probability of death,2019,0.00038697418183483636,,
27,Probability of death,570,Washington,1,Male,22,All ages,515,Asthma,8,Probability of death,2019,0.0008221591052827144,,
27,Probability of death,570,Washington,2,Female,22,All ages,515,Asthma,8,Probability of death,2019,0.0015688249259494323,,
27,Probability of death,570,Washington,3,Both,22,All ages,515,Asthma,8,Probability of death,2019,0.0012050910457795713,,
27,Probability of death,570,Washington,1,Male,22,All ages,508,Chronic respiratory diseases,8,Probability of death,2020,0.0692518108595,,
27,Probability of death,570,Washington,2,Female,22,All ages,508,Chronic respiratory diseases,8,Probability of death,2020,0.07384437646966088,,
27,Probability of death,570,Washington,3,Both,22,All ages,508,Chronic respiratory diseases,8,Probability of death,2020,0.07138269480387353,,
27,Probability of death,570,Washington,1,Male,22,All ages,510,Pneumoconiosis,8,Probability of death,2020,0.000710552073139694,,
27,Probability of death,570,Washington,2,Female,22,All ages,510,Pneumoconiosis,8,Probability of death,2020,2.776927844819042e-05,,
27,Probability of death,570,Washington,3,Both,22,All ages,510,Pneumoconiosis,8,Probability of death,2020,0.00036108965838829564,,
27,Probability of death,570,Washington,1,Male,22,All ages,515,Asthma,8,Probability of death,2020,0.0007779009768997151,,
27,Probability of death,570,Washington,2,Female,22,All ages,515,Asthma,8,Probability of death,2020,0.0014852124201480547,,
27,Probability of death,570,Washington,3,Both,22,All ages,515,Asthma,8,Probability of death,2020,0.0011350558313908705,,
27,Probability of death,554,New Mexico,1,Male,22,All ages,508,Chronic respiratory diseases,8,Probability of death,2020,0.06561589406778585,,
27,Probability of death,554,New Mexico,2,Female,22,All ages,508,Chronic respiratory diseases,8,Probability of death,2020,0.07303823391374917,,
27,Probability of death,554,New Mexico,3,Both,22,All ages,508,Chronic respiratory diseases,8,Probability of death,2020,0.06919854845583204,,
27,Probability of death,554,New Mexico,1,Male,22,All ages,510,Pneumoconiosis,8,Probability of death,2020,0.0007472716349021408,,
27,Probability of death,554,New Mexico,2,Female,22,All ages,510,Pneumoconiosis,8,Probability of death,2020,2.4903418636475104e-05,,
27,Probability of death,554,New Mexico,3,Both,22,All ages,510,Pneumoconiosis,8,Probability of death,2020,0.0004002046257801796,,
27,Probability of death,554,New Mexico,1,Male,22,All ages,515,Asthma,8,Probability of death,2020,0.0009635740506889455,,
27,Probability of death,554,New Mexico,2,Female,22,All ages,515,Asthma,8,Probability of death,2020,0.0015291877011835184,,
27,Probability of death,554,New Mexico,3,Both,22,All ages,515,Asthma,8,Probability of death,2020,0.0012360626131906445,,
27,Probability of death,555,New York,1,Male,22,All ages,508,Chronic respiratory diseases,8,Probability of death,2015,0.060503889615672664,,
27,Probability of death,555,New York,2,Female,22,All ages,508,Chronic respiratory diseases,8,Probability of death,2015,0.06391555740522446,,
27,Probability of death,555,New York,3,Both,22,All ages,508,Chronic respiratory diseases,8,Probability of death,2015,0.06210927852489975,,
27,Probability of death,555,New York,1,Male,22,All ages,510,Pneumoconiosis,8,Probability of death,2015,0.0002910798699319341,,
27,Probability of death,555,New York,2,Female,22,All ages,510,Pneumoconiosis,8,Probability of death,2015,6.456228419188909e-06,,
27,Probability of death,555,New York,3,Both,22,All ages,510,Pneumoconiosis,8,Probability of death,2015,0.00013345208282862156,,
27,Probability of death,555,New York,1,Male,22,All ages,515,Asthma,8,Probability of death,2015,0.0010685149047991165,,
27,Probability of death,555,New York,2,Female,22,All ages,515,Asthma,8,Probability of death,2015,0.0016877297356886732,,
27,Probability of death,555,New York,3,Both,22,All ages,515,Asthma,8,Probability of death,2015,0.0014040660048788415,,
27,Probability of death,555,New York,1,Male,22,All ages,508,Chronic respiratory diseases,8,Probability of death,2016,0.05997617393508111,,
27,Probability of death,555,New York,2,Female,22,All ages,508,Chronic respiratory diseases,8,Probability of death,2016,0.06280701909610638,,
27,Probability of death,555,New York,3,Both,22,All ages,508,Chronic respiratory diseases,8,Probability of death,2016,0.06127463104903992,,
27,Probability of death,555,New York,1,Male,22,All ages,510,Pneumoconiosis,8,Probability of death,2016,0.0002778423141798758,,
27,Probability of death,555,New York,2,Female,22,All ages,510,Pneumoconiosis,8,Probability of death,2016,6.446129525998194e-06,,
27,Probability of death,555,New York,3,Both,22,All ages,510,Pneumoconiosis,8,Probability of death,2016,0.00012875041051977221,,
27,Probability of death,555,New York,1,Male,22,All ages,515,Asthma,8,Probability of death,2016,0.0010659215747690104,,
27,Probability of death,555,New York,2,Female,22,All ages,515,Asthma,8,Probability of death,2016,0.0015619278735216654,,
27,Probability of death,555,New York,3,Both,22,All ages,515,Asthma,8,Probability of death,2016,0.0013322840426702475,,
27,Probability of death,555,New York,1,Male,22,All ages,508,Chronic respiratory diseases,8,Probability of death,2013,0.0614359756580294,,
27,Probability of death,555,New York,2,Female,22,All ages,508,Chronic respiratory diseases,8,Probability of death,2013,0.06301357236477687,,
27,Probability of death,555,New York,3,Both,22,All ages,508,Chronic respiratory diseases,8,Probability of death,2013,0.0619632249743208,,
27,Probability of death,555,New York,1,Male,22,All ages,510,Pneumoconiosis,8,Probability of death,2013,0.00031110838766052,,
27,Probability of death,555,New York,2,Female,22,All ages,510,Pneumoconiosis,8,Probability of death,2013,7.101772520732954e-06,,
27,Probability of death,555,New York,3,Both,22,All ages,510,Pneumoconiosis,8,Probability of death,2013,0.0001414896966855631,,
27,Probability of death,555,New York,1,Male,22,All ages,515,Asthma,8,Probability of death,2013,0.0011556425691058782,,
27,Probability of death,555,New York,2,Female,22,All ages,515,Asthma,8,Probability of death,2013,0.001637569514980461,,
27,Probability of death,555,New York,3,Both,22,All ages,515,Asthma,8,Probability of death,2013,0.0014211572273170059,,
27,Probability of death,555,New York,1,Male,22,All ages,508,Chronic respiratory diseases,8,Probability of death,2014,0.06095856516034765,,
27,Probability of death,555,New York,2,Female,22,All ages,508,Chronic respiratory diseases,8,Probability of death,2014,0.06284940862734152,,
27,Probability of death,555,New York,3,Both,22,All ages,508,Chronic respiratory diseases,8,Probability of death,2014,0.061728352677729886,,
27,Probability of death,555,New York,1,Male,22,All ages,510,Pneumoconiosis,8,Probability of death,2014,0.0003014891433368755,,
27,Probability of death,555,New York,2,Female,22,All ages,510,Pneumoconiosis,8,Probability of death,2014,6.898839436573505e-06,,
27,Probability of death,555,New York,3,Both,22,All ages,510,Pneumoconiosis,8,Probability of death,2014,0.00013789007529426672,,
27,Probability of death,555,New York,1,Male,22,All ages,515,Asthma,8,Probability of death,2014,0.0011266457948056088,,
27,Probability of death,555,New York,2,Female,22,All ages,515,Asthma,8,Probability of death,2014,0.0017038444270101457,,
27,Probability of death,555,New York,3,Both,22,All ages,515,Asthma,8,Probability of death,2014,0.0014416199636574818,,
27,Probability of death,555,New York,1,Male,22,All ages,508,Chronic respiratory diseases,8,Probability of death,2017,0.06121692463205914,,
27,Probability of death,555,New York,2,Female,22,All ages,508,Chronic respiratory diseases,8,Probability of death,2017,0.06409580620471293,,
27,Probability of death,555,New York,3,Both,22,All ages,508,Chronic respiratory diseases,8,Probability of death,2017,0.06252772906643904,,
27,Probability of death,555,New York,1,Male,22,All ages,510,Pneumoconiosis,8,Probability of death,2017,0.0002744288840219207,,
27,Probability of death,555,New York,2,Female,22,All ages,510,Pneumoconiosis,8,Probability of death,2017,6.192978184708779e-06,,
27,Probability of death,555,New York,3,Both,22,All ages,510,Pneumoconiosis,8,Probability of death,2017,0.00012732322487524585,,
27,Probability of death,555,New York,1,Male,22,All ages,515,Asthma,8,Probability of death,2017,0.001025587166309186,,
27,Probability of death,555,New York,2,Female,22,All ages,515,Asthma,8,Probability of death,2017,0.001538667444639992,,
27,Probability of death,555,New York,3,Both,22,All ages,515,Asthma,8,Probability of death,2017,0.0013004045638912278,,
27,Probability of death,555,New York,1,Male,22,All ages,508,Chronic respiratory diseases,8,Probability of death,2018,0.06094755968156333,,
27,Probability of death,555,New York,2,Female,22,All ages,508,Chronic respiratory diseases,8,Probability of death,2018,0.06448202301484744,,
27,Probability of death,555,New York,3,Both,22,All ages,508,Chronic respiratory diseases,8,Probability of death,2018,0.06263413878258962,,
27,Probability of death,555,New York,1,Male,22,All ages,510,Pneumoconiosis,8,Probability of death,2018,0.00027434502170451894,,
27,Probability of death,555,New York,2,Female,22,All ages,510,Pneumoconiosis,8,Probability of death,2018,5.964686180821166e-06,,
27,Probability of death,555,New York,3,Both,22,All ages,510,Pneumoconiosis,8,Probability of death,2018,0.00012706305820276326,,
27,Probability of death,555,New York,1,Male,22,All ages,515,Asthma,8,Probability of death,2018,0.0009978251668122551,,
27,Probability of death,555,New York,2,Female,22,All ages,515,Asthma,8,Probability of death,2018,0.0015486570394394137,,
27,Probability of death,555,New York,3,Both,22,All ages,515,Asthma,8,Probability of death,2018,0.0012929042196898046,,
27,Probability of death,555,New York,1,Male,22,All ages,508,Chronic respiratory diseases,8,Probability of death,2019,0.06150335394050171,,
27,Probability of death,555,New York,2,Female,22,All ages,508,Chronic respiratory diseases,8,Probability of death,2019,0.06414983348008856,,
27,Probability of death,555,New York,3,Both,22,All ages,508,Chronic respiratory diseases,8,Probability of death,2019,0.06267076775869897,,
27,Probability of death,555,New York,1,Male,22,All ages,510,Pneumoconiosis,8,Probability of death,2019,0.00026122522746913974,,
27,Probability of death,555,New York,2,Female,22,All ages,510,Pneumoconiosis,8,Probability of death,2019,5.594963760834648e-06,,
27,Probability of death,555,New York,3,Both,22,All ages,510,Pneumoconiosis,8,Probability of death,2019,0.00012154500931749072,,
27,Probability of death,555,New York,1,Male,22,All ages,515,Asthma,8,Probability of death,2019,0.0010209552671685098,,
27,Probability of death,555,New York,2,Female,22,All ages,515,Asthma,8,Probability of death,2019,0.001551588710421063,,
27,Probability of death,555,New York,3,Both,22,All ages,515,Asthma,8,Probability of death,2019,0.001303546222488357,,
27,Probability of death,555,New York,1,Male,22,All ages,508,Chronic respiratory diseases,8,Probability of death,2020,0.04726772216193455,,
27,Probability of death,555,New York,2,Female,22,All ages,508,Chronic respiratory diseases,8,Probability of death,2020,0.0533011608942094,,
27,Probability of death,555,New York,3,Both,22,All ages,508,Chronic respiratory diseases,8,Probability of death,2020,0.05025653925632845,,
27,Probability of death,555,New York,1,Male,22,All ages,510,Pneumoconiosis,8,Probability of death,2020,0.0001943915066864532,,
27,Probability of death,555,New York,2,Female,22,All ages,510,Pneumoconiosis,8,Probability of death,2020,4.655824094918523e-06,,
27,Probability of death,555,New York,3,Both,22,All ages,510,Pneumoconiosis,8,Probability of death,2020,9.793835977167516e-05,,
27,Probability of death,555,New York,1,Male,22,All ages,515,Asthma,8,Probability of death,2020,0.0008681651252793454,,
27,Probability of death,555,New York,2,Female,22,All ages,515,Asthma,8,Probability of death,2020,0.0013408259011851687,,
27,Probability of death,555,New York,3,Both,22,All ages,515,Asthma,8,Probability of death,2020,0.0011070517933026193,,
